Time (s),Volume (m^3),N2,Ar,He,Ne,C7H10(1),CO(2),CO2(3),O2(4),CH4(5),C2H6(6),C3H8(7),C4H10(8),C5H12(9),C6H14(10),C2H4(11),C3H6(12),C4H8(13),C5H10(14),C6H12(15),METHYL(16),ETHYL(17),PROPYL(18),BUTYL(19),PENTYL(20),HEXYL(21),BENZYL(22)
0.0,418.65475507727217,0.88034999999999997,0.0,0.0,0.0,0.0046299999999999996,0.0,0.0,0.10879999999999999,0.0,0.0,0.0,0.0,0.0,0.0,0.0,0.0,0.0,0.0,0.0,0.0,0.0,0.0,0.0,0.0,0.0,0.0
