Time (s),Volume (m^3),H(4),O(5),OH(6),H2(7),H2O(8),Ar(9),He(10),HO2(11),H2O2(12),CO(13),CO2(14),HCO(15),C(T)(16),CH(17),CH2(T)(18),CH3(19),CH2O(20),HCCO(21),C2H(22),C2H2(23),H2CC(24),CH2(S)(25),CH3OH(26),CH3O(27),CH2CO(28),C2H3(29),C2H4(30),CH4(31),C2H6(32),C2H5(33),CH2OH(34),CH3CO(35),CH2CHO(36),CH3CHO(37),HOCO(38),HCOH(39),CH3OO(40),CH3OOH(41),CH2OOH(42),C2H5O(43),C2H5O2(44),H2CC(45),C2H4O(46),C2H5O(47),cC2H4O(48),C2H5O2(49),C2H3O2(50),CHCHO(51),OCHCHO(52),HCCOH(53),CHCHOH(54),C2(55),C2O(56),C2H6O(57),C2H5O(58),C2H5O3(59),cC2H3O(60),HOCHO(61),C2H3O3(62),OCHCO(63),C2H6O2(64),C2H5O2(65),C2H4O2(66),HOCH2O(67),OCHO(68),C2H4O3(69),C2H3O2(70),N2,Ne,CHPD(1),O2(2),C7H10(3),C7H10(114),C7H9(101),C7H10(117)
0.0,0.0020630879436645097,0.0,0.0,0.0,0.0,0.0,0.0,0.0,0.0,0.0,0.0,0.0,0.0,0.0,0.0,0.0,0.0,0.0,0.0,0.0,0.0,0.0,0.0,0.0,0.0,0.0,0.0,0.0,0.0,0.0,0.0,0.0,0.0,0.0,0.0,0.0,0.0,0.0,0.0,0.0,0.0,0.0,0.0,0.0,0.0,0.0,0.0,0.0,0.0,0.0,0.0,0.0,0.0,0.0,0.0,0.0,0.0,0.0,0.0,0.0,0.0,0.0,0.0,0.0,0.0,0.0,0.0,0.0,0.88129999999999997,0.0,0.0098899999999999995,0.108803,0.0,0.0,0.0,0.0
