Time (s),Volume (m^3),H(3),O(4),OH(5),H2(6),H2O(7),Ar(8),He(9),HO2(10),H2O2(11),CO(12),CO2(13),HOCO(14),CH2O(15),HCO(16),CH3(17),CH4(18),CH2(19),CH(20),C2H4(21),CH3OH(22),CH2(S)(23),CH2OH(24),CH3O(25),HCOH(26),CH3OO(27),CH2CO(28),C2H5(29),C2H3(30),C(31),C2H2(32),C2H(33),CH3OOH(34),CH2OOH(35),C2H6(36),CH3CHO(37),C2H5O(38),C2H5O2(39),CH2CHO(40),H2CC(41),C2H4O(42),C2H5O(43),cC2H4O(44),C2H5O2(45),C2H3O2(46),CHCHO(47),OCHCHO(48),HCCO(49),HCCOH(50),CHCHOH(51),C2(52),C2O(53),C2H6O(54),C2H5O(55),C2H5O3(56),CH3CO(57),cC2H3O(58),HOCHO(59),C2H3O3(60),OCHCO(61),C2H6O2(62),C2H5O2(63),C2H4O2(64),HOCH2O(65),OCHO(66),C2H4O3(67),C2H3O2(68),N2,Ne,C7H16(1),O2(2)
0.0,361.09105615941195,0.0,0.0,0.0,0.0,0.0,0.0,0.0,0.0,0.0,0.0,0.0,0.0,0.0,0.0,0.0,0.0,0.0,0.0,0.0,0.0,0.0,0.0,0.0,0.0,0.0,0.0,0.0,0.0,0.0,0.0,0.0,0.0,0.0,0.0,0.0,0.0,0.0,0.0,0.0,0.0,0.0,0.0,0.0,0.0,0.0,0.0,0.0,0.0,0.0,0.0,0.0,0.0,0.0,0.0,0.0,0.0,0.0,0.0,0.0,0.0,0.0,0.0,0.0,0.0,0.0,0.0,0.88168480800000004,0.0,0.0094599999999999997,0.10885
