Time (s),Volume (m^3),H(4),O(5),OH(6),H2(7),H2O(8),Ar(9),He(10),HO2(11),H2O2(12),CO(13),CO2(14),HCO(15),C(T)(16),CH(17),CH2(T)(18),CH3(19),CH2O(20),HCCO(21),C2H(22),C2H2(23),H2CC(24),CH2(S)(25),CH3OH(26),CH3O(27),CH2CO(28),C2H3(29),C2H4(30),C2H6(31),C2H5(32),CH2OH(33),CH3CO(34),CH2CHO(35),CH3CHO(36),HOCO(37),HCOH(38),CH3OO(39),CH3OOH(40),CH2OOH(41),C2H5O(42),C2H5O2(43),H2CC(44),C2H4O(45),C2H5O(46),cC2H4O(47),C2H5O2(48),C2H3O2(49),CHCHO(50),OCHCHO(51),HCCOH(52),CHCHOH(53),C2(54),C2O(55),C2H6O(56),C2H5O(57),C2H5O3(58),cC2H3O(59),HOCHO(60),C2H3O3(61),OCHCO(62),C2H6O2(63),C2H5O2(64),C2H4O2(65),HOCH2O(66),OCHO(67),C2H4O3(68),C2H3O2(69),N2,Ne,C7H16(1),O2(2),CH4(3)
0.0,344.18387089643795,0.0,0.0,0.0,0.0,0.0,0.0,0.0,0.0,0.0,0.0,0.0,0.0,0.0,0.0,0.0,0.0,0.0,0.0,0.0,0.0,0.0,0.0,0.0,0.0,0.0,0.0,0.0,0.0,0.0,0.0,0.0,0.0,0.0,0.0,0.0,0.0,0.0,0.0,0.0,0.0,0.0,0.0,0.0,0.0,0.0,0.0,0.0,0.0,0.0,0.0,0.0,0.0,0.0,0.0,0.0,0.0,0.0,0.0,0.0,0.0,0.0,0.0,0.0,0.0,0.0,0.0,0.88168480800000004,0.0,0.0094599999999999997,0.10885,0.001
