Time (s),Volume (m^3),N2,Ar,He,Ne,C7H10(1),O2(2),C7H10(21)
0.0,0.21048819095931737,76.950000000000003,0.0,0.0,0.0,1.0,9.5,0.0
