Time (s),Volume (m^3),O(4),H2(5),H(6),OH(7),HO2(8),H2O2(9),CH(10),CO(11),CH2(12),HCO(13),CH2(S)(14),CH3(15),CH2O(16),CO2(17),CH2OH(18),CH3O(19),CH3OH(20),C2H(21),C2H2(22),HCCO(23),C2H3(24),CH2CO(25),C2H4(26),C2H5(27),C2H6(28),H2O(29),C(30),HCCOH(31),CH2CHO(32),CH3CHO(33),C3H8(34),N2,Ar,He,Ne,C7H10(1),O2(2),CH4(3)
0.0,401.186090197153,0.0,0.0,0.0,0.0,0.0,0.0,0.0,0.0,0.0,0.0,0.0,0.0,0.0,0.0,0.0,0.0,0.0,0.0,0.0,0.0,0.0,0.0,0.0,0.0,0.0,0.0,0.0,0.0,0.0,0.0,0.0,0.88129999999999997,0.0,0.0,0.0,0.0098899999999999995,0.108803,0.0001
