Time (s),Volume (m^3),N2,Ar,He,Ne,CH4(1),O2(2),CH3(3)
0.0,0.0024069518104415997,0.84210526299999999,0.0,0.0,0.0,0.052631578999999998,0.105263158,0.0
