Time (s),Volume (m^3),N2,Ar,He,Ne,C7H10(1),O2(2),CH4(3),C7H10(22),C7H9(6)
0.0,0.0027707599948651337,0.88129999999999997,0.0,0.0,0.0,0.0098899999999999995,0.108803,0.001,0.0,0.0
