Time (s),Volume (m^3),N2,Ar,He,Ne,C7H16(1),O2(2),C2H5(6),HO2(16),C5H11(5),C3H7(4),C4H9(3)
0.0,0.343499871614504,89.099999999999994,0.0,0.0,0.0,1.0,11.0,0.0,0.0,0.0,0.0,0.0
