Time (s),Volume (m^3),N2,Ar,He,Ne,C7H16(1),O2(2)
0.0,40556.14199772638,89.099999999999994,0.0,0.0,0.0,1.0,11.0
